,0,year,mo,1
0,Connecticut,2016,August,357
1,Maine,2016,August,391
2,Massachusetts,2016,August,1080
3,New Hampshire,2016,August,314
4,Rhode Island,2016,August,112
5,Vermont,2016,August,232
7,New Jersey,2016,August,2539
8,New York,2016,August,3289
9,Pennsylvania,2016,August,1794
12,Illinois,2016,August,1824
13,Indiana,2016,August,1917
14,Michigan,2016,August,2325
15,Ohio,2016,August,2426
16,Wisconsin,2016,August,1862
18,Iowa,2016,August,2117
19,Kansas,2016,August,995
20,Minnesota,2016,August,2795
21,Missouri,2016,August,1680
22,Nebraska,2016,August,744
23,North Dakota,2016,August,457
24,South Dakota,2016,August,526
27,Delaware,2016,August,560
28,District of Columbia,2016,August,444
29,Florida,2016,August,10623
30,Georgia,2016,August,3846
31,Maryland,2016,August,1146
32,North Carolina,2016,August,5362
33,South Carolina,2016,August,3028
34,Virginia,2016,August,2971
35,West Virginia,2016,August,213
37,Alabama,2016,August,1208
38,Kentucky,2016,August,1287
39,Mississippi,2016,August,584
40,Tennessee,2016,August,3078
42,Arkansas,2016,August,1010
43,Louisiana,2016,August,1568
44,Oklahoma,2016,August,1613
45,Texas,2016,August,14614
48,Arizona,2016,August,2629
49,Colorado,2016,August,2936
50,Idaho,2016,August,1244
51,Montana,2016,August,384
52,Nevada,2016,August,1187
53,New Mexico,2016,August,414
54,Utah,2016,August,1996
55,Wyoming,2016,August,146
57,Alaska,2016,August,123
58,California,2016,August,9223
59,Hawaii,2016,August,239
60,Oregon,2016,August,1982
61,Washington,2016,August,2987
0,Connecticut,2016,September,631
1,Maine,2016,September,348
2,Massachusetts,2016,September,2006
3,New Hampshire,2016,September,334
4,Rhode Island,2016,September,91
5,Vermont,2016,September,165
7,New Jersey,2016,September,1972
8,New York,2016,September,4386
9,Pennsylvania,2016,September,2220
12,Illinois,2016,September,2223
13,Indiana,2016,September,1705
14,Michigan,2016,September,2492
15,Ohio,2016,September,2445
16,Wisconsin,2016,September,1758
18,Iowa,2016,September,1328
19,Kansas,2016,September,732
20,Minnesota,2016,September,2563
21,Missouri,2016,September,1581
22,Nebraska,2016,September,730
23,North Dakota,2016,September,480
24,South Dakota,2016,September,545
27,Delaware,2016,September,496
28,District of Columbia,2016,September,1098
29,Florida,2016,September,9987
30,Georgia,2016,September,3699
31,Maryland,2016,September,1088
32,North Carolina,2016,September,5124
33,South Carolina,2016,September,2759
34,Virginia,2016,September,2605
35,West Virginia,2016,September,235
37,Alabama,2016,September,1265
38,Kentucky,2016,September,966
39,Mississippi,2016,September,564
40,Tennessee,2016,September,2704
42,Arkansas,2016,September,598
43,Louisiana,2016,September,1980
44,Oklahoma,2016,September,837
45,Texas,2016,September,13805
48,Arizona,2016,September,3514
49,Colorado,2016,September,3568
50,Idaho,2016,September,837
51,Montana,2016,September,730
52,Nevada,2016,September,1164
53,New Mexico,2016,September,410
54,Utah,2016,September,1918
55,Wyoming,2016,September,162
57,Alaska,2016,September,168
58,California,2016,September,8355
59,Hawaii,2016,September,349
60,Oregon,2016,September,1520
61,Washington,2016,September,4483
0,Connecticut,2016,October,524
1,Maine,2016,October,354
2,Massachusetts,2016,October,1052
3,New Hampshire,2016,October,391
4,Rhode Island,2016,October,99
5,Vermont,2016,October,167
7,New Jersey,2016,October,1594
8,New York,2016,October,2642
9,Pennsylvania,2016,October,1989
12,Illinois,2016,October,3302
13,Indiana,2016,October,1815
14,Michigan,2016,October,2360
15,Ohio,2016,October,1811
16,Wisconsin,2016,October,2038
18,Iowa,2016,October,1182
19,Kansas,2016,October,611
20,Minnesota,2016,October,2401
21,Missouri,2016,October,1845
22,Nebraska,2016,October,819
23,North Dakota,2016,October,481
24,South Dakota,2016,October,454
27,Delaware,2016,October,500
28,District of Columbia,2016,October,679
29,Florida,2016,October,10156
30,Georgia,2016,October,4730
31,Maryland,2016,October,987
32,North Carolina,2016,October,4786
33,South Carolina,2016,October,2223
34,Virginia,2016,October,1709
35,West Virginia,2016,October,284
37,Alabama,2016,October,1080
38,Kentucky,2016,October,999
39,Mississippi,2016,October,554
40,Tennessee,2016,October,2923
42,Arkansas,2016,October,813
43,Louisiana,2016,October,1257
44,Oklahoma,2016,October,927
45,Texas,2016,October,12128
48,Arizona,2016,October,2174
49,Colorado,2016,October,4076
50,Idaho,2016,October,918
51,Montana,2016,October,426
52,Nevada,2016,October,1044
53,New Mexico,2016,October,314
54,Utah,2016,October,2764
55,Wyoming,2016,October,144
57,Alaska,2016,October,117
58,California,2016,October,8274
59,Hawaii,2016,October,178
60,Oregon,2016,October,1529
61,Washington,2016,October,4078
0,Connecticut,2016,November,245
1,Maine,2016,November,316
2,Massachusetts,2016,November,1110
3,New Hampshire,2016,November,381
4,Rhode Island,2016,November,96
5,Vermont,2016,November,126
7,New Jersey,2016,November,1847
8,New York,2016,November,2773
9,Pennsylvania,2016,November,1881
12,Illinois,2016,November,1327
13,Indiana,2016,November,1442
14,Michigan,2016,November,1814
15,Ohio,2016,November,1704
16,Wisconsin,2016,November,1197
18,Iowa,2016,November,1448
19,Kansas,2016,November,522
20,Minnesota,2016,November,2361
21,Missouri,2016,November,1786
22,Nebraska,2016,November,573
23,North Dakota,2016,November,291
24,South Dakota,2016,November,347
27,Delaware,2016,November,473
28,District of Columbia,2016,November,21
29,Florida,2016,November,8240
30,Georgia,2016,November,3540
31,Maryland,2016,November,1004
32,North Carolina,2016,November,4441
33,South Carolina,2016,November,2452
34,Virginia,2016,November,2210
35,West Virginia,2016,November,206
37,Alabama,2016,November,927
38,Kentucky,2016,November,1160
39,Mississippi,2016,November,619
40,Tennessee,2016,November,2230
42,Arkansas,2016,November,513
43,Louisiana,2016,November,1037
44,Oklahoma,2016,November,670
45,Texas,2016,November,12680
48,Arizona,2016,November,2958
49,Colorado,2016,November,3644
50,Idaho,2016,November,897
51,Montana,2016,November,227
52,Nevada,2016,November,932
53,New Mexico,2016,November,575
54,Utah,2016,November,2468
55,Wyoming,2016,November,129
57,Alaska,2016,November,99
58,California,2016,November,7830
59,Hawaii,2016,November,322
60,Oregon,2016,November,1514
61,Washington,2016,November,3649
0,Connecticut,2016,December,226
1,Maine,2016,December,314
2,Massachusetts,2016,December,935
3,New Hampshire,2016,December,387
4,Rhode Island,2016,December,109
5,Vermont,2016,December,122
7,New Jersey,2016,December,2536
8,New York,2016,December,3367
9,Pennsylvania,2016,December,1469
12,Illinois,2016,December,1222
13,Indiana,2016,December,1082
14,Michigan,2016,December,1171
15,Ohio,2016,December,1301
16,Wisconsin,2016,December,926
18,Iowa,2016,December,848
19,Kansas,2016,December,386
20,Minnesota,2016,December,2081
21,Missouri,2016,December,1475
22,Nebraska,2016,December,569
23,North Dakota,2016,December,150
24,South Dakota,2016,December,249
27,Delaware,2016,December,450
28,District of Columbia,2016,December,369
29,Florida,2016,December,9858
30,Georgia,2016,December,4269
31,Maryland,2016,December,991
32,North Carolina,2016,December,3792
33,South Carolina,2016,December,2223
34,Virginia,2016,December,2224
35,West Virginia,2016,December,151
37,Alabama,2016,December,951
38,Kentucky,2016,December,712
39,Mississippi,2016,December,549
40,Tennessee,2016,December,3304
42,Arkansas,2016,December,762
43,Louisiana,2016,December,1074
44,Oklahoma,2016,December,724
45,Texas,2016,December,11678
48,Arizona,2016,December,3401
49,Colorado,2016,December,2864
50,Idaho,2016,December,650
51,Montana,2016,December,233
52,Nevada,2016,December,1914
53,New Mexico,2016,December,335
54,Utah,2016,December,1411
55,Wyoming,2016,December,87
57,Alaska,2016,December,94
58,California,2016,December,10450
59,Hawaii,2016,December,197
60,Oregon,2016,December,1066
61,Washington,2016,December,3702
0,Connecticut,2017,January,317
1,Maine,2017,January,208
2,Massachusetts,2017,January,784
3,New Hampshire,2017,January,172
4,Rhode Island,2017,January,84
5,Vermont,2017,January,66
7,New Jersey,2017,January,2104
8,New York,2017,January,4548
9,Pennsylvania,2017,January,1353
12,Illinois,2017,January,751
13,Indiana,2017,January,1124
14,Michigan,2017,January,1208
15,Ohio,2017,January,2037
16,Wisconsin,2017,January,679
18,Iowa,2017,January,416
19,Kansas,2017,January,497
20,Minnesota,2017,January,1521
21,Missouri,2017,January,1070
22,Nebraska,2017,January,351
23,North Dakota,2017,January,65
24,South Dakota,2017,January,257
27,Delaware,2017,January,396
28,District of Columbia,2017,January,155
29,Florida,2017,January,10023
30,Georgia,2017,January,4423
31,Maryland,2017,January,1042
32,North Carolina,2017,January,4304
33,South Carolina,2017,January,2633
34,Virginia,2017,January,2282
35,West Virginia,2017,January,206
37,Alabama,2017,January,1083
38,Kentucky,2017,January,698
39,Mississippi,2017,January,920
40,Tennessee,2017,January,2322
42,Arkansas,2017,January,754
43,Louisiana,2017,January,1121
44,Oklahoma,2017,January,964
45,Texas,2017,January,15236
48,Arizona,2017,January,2484
49,Colorado,2017,January,3146
50,Idaho,2017,January,413
51,Montana,2017,January,134
52,Nevada,2017,January,1314
53,New Mexico,2017,January,280
54,Utah,2017,January,1380
55,Wyoming,2017,January,63
57,Alaska,2017,January,70
58,California,2017,January,5376
59,Hawaii,2017,January,252
60,Oregon,2017,January,1464
61,Washington,2017,January,2777
0,Connecticut,2017,February,175
1,Maine,2017,February,241
2,Massachusetts,2017,February,676
3,New Hampshire,2017,February,236
4,Rhode Island,2017,February,63
5,Vermont,2017,February,56
7,New Jersey,2017,February,1796
8,New York,2017,February,1686
9,Pennsylvania,2017,February,1425
12,Illinois,2017,February,1830
13,Indiana,2017,February,1463
14,Michigan,2017,February,1733
15,Ohio,2017,February,1384
16,Wisconsin,2017,February,1031
18,Iowa,2017,February,778
19,Kansas,2017,February,796
20,Minnesota,2017,February,1433
21,Missouri,2017,February,1100
22,Nebraska,2017,February,719
23,North Dakota,2017,February,171
24,South Dakota,2017,February,299
27,Delaware,2017,February,443
28,District of Columbia,2017,February,245
29,Florida,2017,February,8368
30,Georgia,2017,February,3968
31,Maryland,2017,February,1034
32,North Carolina,2017,February,4898
33,South Carolina,2017,February,2682
34,Virginia,2017,February,1890
35,West Virginia,2017,February,167
37,Alabama,2017,February,1113
38,Kentucky,2017,February,839
39,Mississippi,2017,February,1036
40,Tennessee,2017,February,2911
42,Arkansas,2017,February,822
43,Louisiana,2017,February,1152
44,Oklahoma,2017,February,954
45,Texas,2017,February,13247
48,Arizona,2017,February,2304
49,Colorado,2017,February,2948
50,Idaho,2017,February,837
51,Montana,2017,February,211
52,Nevada,2017,February,1092
53,New Mexico,2017,February,335
54,Utah,2017,February,1396
55,Wyoming,2017,February,111
57,Alaska,2017,February,93
58,California,2017,February,6298
59,Hawaii,2017,February,200
60,Oregon,2017,February,1114
61,Washington,2017,February,2973
0,Connecticut,2017,March,398
1,Maine,2017,March,315
2,Massachusetts,2017,March,2009
3,New Hampshire,2017,March,239
4,Rhode Island,2017,March,105
5,Vermont,2017,March,240
7,New Jersey,2017,March,1685
8,New York,2017,March,3310
9,Pennsylvania,2017,March,2519
12,Illinois,2017,March,1667
13,Indiana,2017,March,1478
14,Michigan,2017,March,2167
15,Ohio,2017,March,1757
16,Wisconsin,2017,March,1508
18,Iowa,2017,March,1378
19,Kansas,2017,March,612
20,Minnesota,2017,March,2441
21,Missouri,2017,March,1404
22,Nebraska,2017,March,837
23,North Dakota,2017,March,138
24,South Dakota,2017,March,466
27,Delaware,2017,March,626
28,District of Columbia,2017,March,277
29,Florida,2017,March,9590
30,Georgia,2017,March,5152
31,Maryland,2017,March,1710
32,North Carolina,2017,March,6641
33,South Carolina,2017,March,2975
34,Virginia,2017,March,3072
35,West Virginia,2017,March,302
37,Alabama,2017,March,1393
38,Kentucky,2017,March,1051
39,Mississippi,2017,March,667
40,Tennessee,2017,March,3919
42,Arkansas,2017,March,785
43,Louisiana,2017,March,1483
44,Oklahoma,2017,March,982
45,Texas,2017,March,16550
48,Arizona,2017,March,3595
49,Colorado,2017,March,3471
50,Idaho,2017,March,1027
51,Montana,2017,March,511
52,Nevada,2017,March,1437
53,New Mexico,2017,March,396
54,Utah,2017,March,2554
55,Wyoming,2017,March,160
57,Alaska,2017,March,105
58,California,2017,March,10161
59,Hawaii,2017,March,303
60,Oregon,2017,March,1541
61,Washington,2017,March,3390
0,Connecticut,2017,April,253
1,Maine,2017,April,495
2,Massachusetts,2017,April,876
3,New Hampshire,2017,April,311
4,Rhode Island,2017,April,65
5,Vermont,2017,April,123
7,New Jersey,2017,April,1583
8,New York,2017,April,4168
9,Pennsylvania,2017,April,1777
12,Illinois,2017,April,2859
13,Indiana,2017,April,1792
14,Michigan,2017,April,2085
15,Ohio,2017,April,1761
16,Wisconsin,2017,April,1642
18,Iowa,2017,April,1065
19,Kansas,2017,April,701
20,Minnesota,2017,April,1973
21,Missouri,2017,April,1373
22,Nebraska,2017,April,588
23,North Dakota,2017,April,416
24,South Dakota,2017,April,535
27,Delaware,2017,April,565
28,District of Columbia,2017,April,374
29,Florida,2017,April,10962
30,Georgia,2017,April,3524
31,Maryland,2017,April,1380
32,North Carolina,2017,April,3877
33,South Carolina,2017,April,2477
34,Virginia,2017,April,2421
35,West Virginia,2017,April,245
37,Alabama,2017,April,1035
38,Kentucky,2017,April,933
39,Mississippi,2017,April,760
40,Tennessee,2017,April,2799
42,Arkansas,2017,April,1065
43,Louisiana,2017,April,1178
44,Oklahoma,2017,April,947
45,Texas,2017,April,13677
48,Arizona,2017,April,3255
49,Colorado,2017,April,3986
50,Idaho,2017,April,1178
51,Montana,2017,April,392
52,Nevada,2017,April,1771
53,New Mexico,2017,April,386
54,Utah,2017,April,1910
55,Wyoming,2017,April,196
57,Alaska,2017,April,182
58,California,2017,April,9622
59,Hawaii,2017,April,186
60,Oregon,2017,April,1071
61,Washington,2017,April,3838
0,Connecticut,2017,May,402
1,Maine,2017,May,365
2,Massachusetts,2017,May,1840
3,New Hampshire,2017,May,296
4,Rhode Island,2017,May,113
5,Vermont,2017,May,180
7,New Jersey,2017,May,3008
8,New York,2017,May,2881
9,Pennsylvania,2017,May,2599
12,Illinois,2017,May,1493
13,Indiana,2017,May,2016
14,Michigan,2017,May,2590
15,Ohio,2017,May,2030
16,Wisconsin,2017,May,1958
18,Iowa,2017,May,1149
19,Kansas,2017,May,774
20,Minnesota,2017,May,2215
21,Missouri,2017,May,1817
22,Nebraska,2017,May,1010
23,North Dakota,2017,May,505
24,South Dakota,2017,May,414
27,Delaware,2017,May,587
28,District of Columbia,2017,May,318
29,Florida,2017,May,10608
30,Georgia,2017,May,4158
31,Maryland,2017,May,1856
32,North Carolina,2017,May,5315
33,South Carolina,2017,May,3086
34,Virginia,2017,May,2510
35,West Virginia,2017,May,268
37,Alabama,2017,May,1278
38,Kentucky,2017,May,1403
39,Mississippi,2017,May,675
40,Tennessee,2017,May,3711
42,Arkansas,2017,May,698
43,Louisiana,2017,May,1335
44,Oklahoma,2017,May,1352
45,Texas,2017,May,15578
48,Arizona,2017,May,3716
49,Colorado,2017,May,2865
50,Idaho,2017,May,1301
51,Montana,2017,May,410
52,Nevada,2017,May,1812
53,New Mexico,2017,May,451
54,Utah,2017,May,1974
55,Wyoming,2017,May,186
57,Alaska,2017,May,164
58,California,2017,May,9599
59,Hawaii,2017,May,382
60,Oregon,2017,May,1798
61,Washington,2017,May,3947
0,Connecticut,2017,June,360
1,Maine,2017,June,489
2,Massachusetts,2017,June,1863
3,New Hampshire,2017,June,263
4,Rhode Island,2017,June,109
5,Vermont,2017,June,213
7,New Jersey,2017,June,2174
8,New York,2017,June,3222
9,Pennsylvania,2017,June,2288
12,Illinois,2017,June,3489
13,Indiana,2017,June,2355
14,Michigan,2017,June,2843
15,Ohio,2017,June,3086
16,Wisconsin,2017,June,1951
18,Iowa,2017,June,1213
19,Kansas,2017,June,825
20,Minnesota,2017,June,2566
21,Missouri,2017,June,1375
22,Nebraska,2017,June,744
23,North Dakota,2017,June,337
24,South Dakota,2017,June,539
27,Delaware,2017,June,726
28,District of Columbia,2017,June,389
29,Florida,2017,June,12365
30,Georgia,2017,June,4704
31,Maryland,2017,June,1565
32,North Carolina,2017,June,5410
33,South Carolina,2017,June,3110
34,Virginia,2017,June,3445
35,West Virginia,2017,June,251
37,Alabama,2017,June,1343
38,Kentucky,2017,June,1240
39,Mississippi,2017,June,606
40,Tennessee,2017,June,4173
42,Arkansas,2017,June,1072
43,Louisiana,2017,June,1313
44,Oklahoma,2017,June,1026
45,Texas,2017,June,17188
48,Arizona,2017,June,3399
49,Colorado,2017,June,4640
50,Idaho,2017,June,1387
51,Montana,2017,June,829
52,Nevada,2017,June,1818
53,New Mexico,2017,June,598
54,Utah,2017,June,2198
55,Wyoming,2017,June,189
57,Alaska,2017,June,185
58,California,2017,June,14218
59,Hawaii,2017,June,358
60,Oregon,2017,June,1873
61,Washington,2017,June,3955
0,Connecticut,2017,July,430
1,Maine,2017,July,412
2,Massachusetts,2017,July,1970
3,New Hampshire,2017,July,352
4,Rhode Island,2017,July,106
5,Vermont,2017,July,139
7,New Jersey,2017,July,2462
8,New York,2017,July,2990
9,Pennsylvania,2017,July,1812
12,Illinois,2017,July,1419
13,Indiana,2017,July,1551
14,Michigan,2017,July,2113
15,Ohio,2017,July,1929
16,Wisconsin,2017,July,1694
18,Iowa,2017,July,915
19,Kansas,2017,July,607
20,Minnesota,2017,July,1590
21,Missouri,2017,July,1133
22,Nebraska,2017,July,1104
23,North Dakota,2017,July,309
24,South Dakota,2017,July,362
27,Delaware,2017,July,608
28,District of Columbia,2017,July,455
29,Florida,2017,July,9896
30,Georgia,2017,July,4311
31,Maryland,2017,July,1428
32,North Carolina,2017,July,6242
33,South Carolina,2017,July,3162
34,Virginia,2017,July,2669
35,West Virginia,2017,July,204
37,Alabama,2017,July,1159
38,Kentucky,2017,July,939
39,Mississippi,2017,July,665
40,Tennessee,2017,July,3192
42,Arkansas,2017,July,1087
43,Louisiana,2017,July,1137
44,Oklahoma,2017,July,773
45,Texas,2017,July,12493
48,Arizona,2017,July,2487
49,Colorado,2017,July,3089
50,Idaho,2017,July,928
51,Montana,2017,July,383
52,Nevada,2017,July,1576
53,New Mexico,2017,July,424
54,Utah,2017,July,2421
55,Wyoming,2017,July,140
57,Alaska,2017,July,119
58,California,2017,July,7950
59,Hawaii,2017,July,276
60,Oregon,2017,July,1800
61,Washington,2017,July,3593
0,Connecticut,2017,August,489
1,Maine,2017,August,505
2,Massachusetts,2017,August,1237
3,New Hampshire,2017,August,302
4,Rhode Island,2017,August,164
5,Vermont,2017,August,142
7,New Jersey,2017,August,2311
8,New York,2017,August,3324
9,Pennsylvania,2017,August,1658
12,Illinois,2017,August,2175
13,Indiana,2017,August,1685
14,Michigan,2017,August,2204
15,Ohio,2017,August,2890
16,Wisconsin,2017,August,1400
18,Iowa,2017,August,1574
19,Kansas,2017,August,1079
20,Minnesota,2017,August,2313
21,Missouri,2017,August,1956
22,Nebraska,2017,August,821
23,North Dakota,2017,August,314
24,South Dakota,2017,August,435
27,Delaware,2017,August,651
28,District of Columbia,2017,August,437
29,Florida,2017,August,10803
30,Georgia,2017,August,4901
31,Maryland,2017,August,1567
32,North Carolina,2017,August,6730
33,South Carolina,2017,August,3184
34,Virginia,2017,August,2786
35,West Virginia,2017,August,275
37,Alabama,2017,August,1186
38,Kentucky,2017,August,1184
39,Mississippi,2017,August,645
40,Tennessee,2017,August,4197
42,Arkansas,2017,August,917
43,Louisiana,2017,August,1262
44,Oklahoma,2017,August,839
45,Texas,2017,August,15857
48,Arizona,2017,August,3941
49,Colorado,2017,August,4476
50,Idaho,2017,August,1688
51,Montana,2017,August,357
52,Nevada,2017,August,1932
53,New Mexico,2017,August,430
54,Utah,2017,August,2594
55,Wyoming,2017,August,187
57,Alaska,2017,August,171
58,California,2017,August,9654
59,Hawaii,2017,August,265
60,Oregon,2017,August,2692
61,Washington,2017,August,4799
0,Connecticut,2017,September,434
1,Maine,2017,September,417
2,Massachusetts,2017,September,1460
3,New Hampshire,2017,September,376
4,Rhode Island,2017,September,94
5,Vermont,2017,September,292
7,New Jersey,2017,September,2229
8,New York,2017,September,3626
9,Pennsylvania,2017,September,2104
12,Illinois,2017,September,2015
13,Indiana,2017,September,1486
14,Michigan,2017,September,2313
15,Ohio,2017,September,2050
16,Wisconsin,2017,September,1850
18,Iowa,2017,September,1058
19,Kansas,2017,September,994
20,Minnesota,2017,September,2365
21,Missouri,2017,September,1512
22,Nebraska,2017,September,738
23,North Dakota,2017,September,442
24,South Dakota,2017,September,790
27,Delaware,2017,September,479
28,District of Columbia,2017,September,329
29,Florida,2017,September,7966
30,Georgia,2017,September,3826
31,Maryland,2017,September,1819
32,North Carolina,2017,September,5068
33,South Carolina,2017,September,2641
34,Virginia,2017,September,2706
35,West Virginia,2017,September,227
37,Alabama,2017,September,1374
38,Kentucky,2017,September,942
39,Mississippi,2017,September,545
40,Tennessee,2017,September,3423
42,Arkansas,2017,September,1035
43,Louisiana,2017,September,1166
44,Oklahoma,2017,September,777
45,Texas,2017,September,12233
48,Arizona,2017,September,3108
49,Colorado,2017,September,3016
50,Idaho,2017,September,1196
51,Montana,2017,September,369
52,Nevada,2017,September,1043
53,New Mexico,2017,September,357
54,Utah,2017,September,1975
55,Wyoming,2017,September,191
57,Alaska,2017,September,122
58,California,2017,September,8910
59,Hawaii,2017,September,817
60,Oregon,2017,September,1670
61,Washington,2017,September,3425
0,Connecticut,2017,October,561
1,Maine,2017,October,341
2,Massachusetts,2017,October,1568
3,New Hampshire,2017,October,280
4,Rhode Island,2017,October,99
5,Vermont,2017,October,131
7,New Jersey,2017,October,2669
8,New York,2017,October,3116
9,Pennsylvania,2017,October,1726
12,Illinois,2017,October,2085
13,Indiana,2017,October,1635
14,Michigan,2017,October,2972
15,Ohio,2017,October,2093
16,Wisconsin,2017,October,1852
18,Iowa,2017,October,1428
19,Kansas,2017,October,577
20,Minnesota,2017,October,2373
21,Missouri,2017,October,2568
22,Nebraska,2017,October,578
23,North Dakota,2017,October,612
24,South Dakota,2017,October,559
27,Delaware,2017,October,542
28,District of Columbia,2017,October,1395
29,Florida,2017,October,10721
30,Georgia,2017,October,4285
31,Maryland,2017,October,918
32,North Carolina,2017,October,5899
33,South Carolina,2017,October,2867
34,Virginia,2017,October,2950
35,West Virginia,2017,October,246
37,Alabama,2017,October,1126
38,Kentucky,2017,October,848
39,Mississippi,2017,October,651
40,Tennessee,2017,October,3259
42,Arkansas,2017,October,862
43,Louisiana,2017,October,1168
44,Oklahoma,2017,October,1037
45,Texas,2017,October,15098
48,Arizona,2017,October,3706
49,Colorado,2017,October,3173
50,Idaho,2017,October,1434
51,Montana,2017,October,466
52,Nevada,2017,October,1597
53,New Mexico,2017,October,434
54,Utah,2017,October,2446
55,Wyoming,2017,October,146
57,Alaska,2017,October,133
58,California,2017,October,10335
59,Hawaii,2017,October,413
60,Oregon,2017,October,1643
61,Washington,2017,October,4392
0,Connecticut,2017,November,369
1,Maine,2017,November,503
2,Massachusetts,2017,November,1070
3,New Hampshire,2017,November,224
4,Rhode Island,2017,November,82
5,Vermont,2017,November,105
7,New Jersey,2017,November,2651
8,New York,2017,November,2568
9,Pennsylvania,2017,November,1741
12,Illinois,2017,November,1839
13,Indiana,2017,November,1483
14,Michigan,2017,November,1688
15,Ohio,2017,November,1604
16,Wisconsin,2017,November,1190
18,Iowa,2017,November,1245
19,Kansas,2017,November,666
20,Minnesota,2017,November,1865
21,Missouri,2017,November,1287
22,Nebraska,2017,November,799
23,North Dakota,2017,November,171
24,South Dakota,2017,November,418
27,Delaware,2017,November,485
28,District of Columbia,2017,November,860
29,Florida,2017,November,7665
30,Georgia,2017,November,3130
31,Maryland,2017,November,1114
32,North Carolina,2017,November,5774
33,South Carolina,2017,November,2595
34,Virginia,2017,November,2936
35,West Virginia,2017,November,160
37,Alabama,2017,November,1088
38,Kentucky,2017,November,1006
39,Mississippi,2017,November,509
40,Tennessee,2017,November,2321
42,Arkansas,2017,November,771
43,Louisiana,2017,November,2270
44,Oklahoma,2017,November,808
45,Texas,2017,November,13140
48,Arizona,2017,November,2681
49,Colorado,2017,November,3619
50,Idaho,2017,November,1059
51,Montana,2017,November,248
52,Nevada,2017,November,2032
53,New Mexico,2017,November,300
54,Utah,2017,November,2209
55,Wyoming,2017,November,170
57,Alaska,2017,November,114
58,California,2017,November,8272
59,Hawaii,2017,November,223
60,Oregon,2017,November,1701
61,Washington,2017,November,4138
0,Connecticut,2017,December,299
1,Maine,2017,December,283
2,Massachusetts,2017,December,2359
3,New Hampshire,2017,December,150
4,Rhode Island,2017,December,79
5,Vermont,2017,December,50
7,New Jersey,2017,December,2639
8,New York,2017,December,4248
9,Pennsylvania,2017,December,1807
12,Illinois,2017,December,1880
13,Indiana,2017,December,1262
14,Michigan,2017,December,1487
15,Ohio,2017,December,1251
16,Wisconsin,2017,December,1028
18,Iowa,2017,December,1000
19,Kansas,2017,December,799
20,Minnesota,2017,December,1574
21,Missouri,2017,December,1334
22,Nebraska,2017,December,683
23,North Dakota,2017,December,36
24,South Dakota,2017,December,258
27,Delaware,2017,December,604
28,District of Columbia,2017,December,92
29,Florida,2017,December,8748
30,Georgia,2017,December,2895
31,Maryland,2017,December,785
32,North Carolina,2017,December,4694
33,South Carolina,2017,December,2382
34,Virginia,2017,December,1906
35,West Virginia,2017,December,197
37,Alabama,2017,December,1338
38,Kentucky,2017,December,871
39,Mississippi,2017,December,535
40,Tennessee,2017,December,2724
42,Arkansas,2017,December,1074
43,Louisiana,2017,December,873
44,Oklahoma,2017,December,737
45,Texas,2017,December,11348
48,Arizona,2017,December,2806
49,Colorado,2017,December,2639
50,Idaho,2017,December,817
51,Montana,2017,December,164
52,Nevada,2017,December,1457
53,New Mexico,2017,December,387
54,Utah,2017,December,1513
55,Wyoming,2017,December,76
57,Alaska,2017,December,105
58,California,2017,December,11393
59,Hawaii,2017,December,313
60,Oregon,2017,December,1726
61,Washington,2017,December,3349
0,Connecticut,2018,January,342
1,Maine,2018,January,193
2,Massachusetts,2018,January,1369
3,New Hampshire,2018,January,332
4,Rhode Island,2018,January,59
5,Vermont,2018,January,57
7,New Jersey,2018,January,1510
8,New York,2018,January,2382
9,Pennsylvania,2018,January,1256
12,Illinois,2018,January,733
13,Indiana,2018,January,1008
14,Michigan,2018,January,1209
15,Ohio,2018,January,1487
16,Wisconsin,2018,January,766
18,Iowa,2018,January,459
19,Kansas,2018,January,451
20,Minnesota,2018,January,1706
21,Missouri,2018,January,840
22,Nebraska,2018,January,313
23,North Dakota,2018,January,36
24,South Dakota,2018,January,166
27,Delaware,2018,January,501
28,District of Columbia,2018,January,87
29,Florida,2018,January,11346
30,Georgia,2018,January,5010
31,Maryland,2018,January,1360
32,North Carolina,2018,January,6168
33,South Carolina,2018,January,2811
34,Virginia,2018,January,2437
35,West Virginia,2018,January,159
37,Alabama,2018,January,1212
38,Kentucky,2018,January,854
39,Mississippi,2018,January,453
40,Tennessee,2018,January,2760
42,Arkansas,2018,January,1278
43,Louisiana,2018,January,1168
44,Oklahoma,2018,January,905
45,Texas,2018,January,15207
48,Arizona,2018,January,3531
49,Colorado,2018,January,3875
50,Idaho,2018,January,911
51,Montana,2018,January,138
52,Nevada,2018,January,1189
53,New Mexico,2018,January,393
54,Utah,2018,January,2363
55,Wyoming,2018,January,76
57,Alaska,2018,January,111
58,California,2018,January,8730
59,Hawaii,2018,January,224
60,Oregon,2018,January,1905
61,Washington,2018,January,2838
0,Connecticut,2018,February,470
1,Maine,2018,February,291
2,Massachusetts,2018,February,864
3,New Hampshire,2018,February,314
4,Rhode Island,2018,February,89
5,Vermont,2018,February,72
7,New Jersey,2018,February,2235
8,New York,2018,February,2276
9,Pennsylvania,2018,February,1586
12,Illinois,2018,February,946
13,Indiana,2018,February,1269
14,Michigan,2018,February,1125
15,Ohio,2018,February,1545
16,Wisconsin,2018,February,900
18,Iowa,2018,February,406
19,Kansas,2018,February,401
20,Minnesota,2018,February,1221
21,Missouri,2018,February,858
22,Nebraska,2018,February,680
23,North Dakota,2018,February,44
24,South Dakota,2018,February,353
27,Delaware,2018,February,445
28,District of Columbia,2018,February,275
29,Florida,2018,February,10235
30,Georgia,2018,February,3956
31,Maryland,2018,February,1055
32,North Carolina,2018,February,6325
33,South Carolina,2018,February,2608
34,Virginia,2018,February,3048
35,West Virginia,2018,February,192
37,Alabama,2018,February,1225
38,Kentucky,2018,February,700
39,Mississippi,2018,February,482
40,Tennessee,2018,February,2423
42,Arkansas,2018,February,654
43,Louisiana,2018,February,1028
44,Oklahoma,2018,February,847
45,Texas,2018,February,12204
48,Arizona,2018,February,3005
49,Colorado,2018,February,4177
50,Idaho,2018,February,1226
51,Montana,2018,February,179
52,Nevada,2018,February,1588
53,New Mexico,2018,February,440
54,Utah,2018,February,2150
55,Wyoming,2018,February,113
57,Alaska,2018,February,111
58,California,2018,February,8016
59,Hawaii,2018,February,701
60,Oregon,2018,February,1694
61,Washington,2018,February,3044
0,Connecticut,2018,March,321
1,Maine,2018,March,248
2,Massachusetts,2018,March,1291
3,New Hampshire,2018,March,247
4,Rhode Island,2018,March,118
5,Vermont,2018,March,137
7,New Jersey,2018,March,2319
8,New York,2018,March,3841
9,Pennsylvania,2018,March,1948
12,Illinois,2018,March,2224
13,Indiana,2018,March,2360
14,Michigan,2018,March,1644
15,Ohio,2018,March,1799
16,Wisconsin,2018,March,1522
18,Iowa,2018,March,1025
19,Kansas,2018,March,773
20,Minnesota,2018,March,1650
21,Missouri,2018,March,1789
22,Nebraska,2018,March,585
23,North Dakota,2018,March,129
24,South Dakota,2018,March,418
27,Delaware,2018,March,507
28,District of Columbia,2018,March,359
29,Florida,2018,March,11321
30,Georgia,2018,March,5989
31,Maryland,2018,March,1990
32,North Carolina,2018,March,5582
33,South Carolina,2018,March,3337
34,Virginia,2018,March,2914
35,West Virginia,2018,March,268
37,Alabama,2018,March,1136
38,Kentucky,2018,March,1230
39,Mississippi,2018,March,568
40,Tennessee,2018,March,3022
42,Arkansas,2018,March,1244
43,Louisiana,2018,March,1449
44,Oklahoma,2018,March,899
45,Texas,2018,March,15486
48,Arizona,2018,March,3132
49,Colorado,2018,March,5473
50,Idaho,2018,March,1480
51,Montana,2018,March,295
52,Nevada,2018,March,1577
53,New Mexico,2018,March,635
54,Utah,2018,March,2417
55,Wyoming,2018,March,166
57,Alaska,2018,March,140
58,California,2018,March,11546
59,Hawaii,2018,March,355
60,Oregon,2018,March,1661
61,Washington,2018,March,5006
0,Connecticut,2018,April,290
1,Maine,2018,April,343
2,Massachusetts,2018,April,813
3,New Hampshire,2018,April,226
4,Rhode Island,2018,April,93
5,Vermont,2018,April,100
7,New Jersey,2018,April,1611
8,New York,2018,April,2300
9,Pennsylvania,2018,April,2062
12,Illinois,2018,April,1985
13,Indiana,2018,April,2345
14,Michigan,2018,April,2129
15,Ohio,2018,April,2089
16,Wisconsin,2018,April,2015
18,Iowa,2018,April,1294
19,Kansas,2018,April,792
20,Minnesota,2018,April,1860
21,Missouri,2018,April,1487
22,Nebraska,2018,April,1410
23,North Dakota,2018,April,321
24,South Dakota,2018,April,467
27,Delaware,2018,April,532
28,District of Columbia,2018,April,63
29,Florida,2018,April,13793
30,Georgia,2018,April,4471
31,Maryland,2018,April,1555
32,North Carolina,2018,April,6368
33,South Carolina,2018,April,3219
34,Virginia,2018,April,2909
35,West Virginia,2018,April,296
37,Alabama,2018,April,1353
38,Kentucky,2018,April,1769
39,Mississippi,2018,April,676
40,Tennessee,2018,April,3658
42,Arkansas,2018,April,1088
43,Louisiana,2018,April,1480
44,Oklahoma,2018,April,940
45,Texas,2018,April,19795
48,Arizona,2018,April,4261
49,Colorado,2018,April,3672
50,Idaho,2018,April,1117
51,Montana,2018,April,422
52,Nevada,2018,April,1510
53,New Mexico,2018,April,429
54,Utah,2018,April,2028
55,Wyoming,2018,April,149
57,Alaska,2018,April,129
58,California,2018,April,10136
59,Hawaii,2018,April,265
60,Oregon,2018,April,1595
61,Washington,2018,April,4150
0,Connecticut,2018,May,383
1,Maine,2018,May,429
2,Massachusetts,2018,May,2238
3,New Hampshire,2018,May,377
4,Rhode Island,2018,May,152
5,Vermont,2018,May,172
7,New Jersey,2018,May,2353
8,New York,2018,May,4844
9,Pennsylvania,2018,May,2559
12,Illinois,2018,May,2998
13,Indiana,2018,May,2537
14,Michigan,2018,May,2148
15,Ohio,2018,May,3147
16,Wisconsin,2018,May,2033
18,Iowa,2018,May,1279
19,Kansas,2018,May,1001
20,Minnesota,2018,May,2908
21,Missouri,2018,May,1587
22,Nebraska,2018,May,781
23,North Dakota,2018,May,571
24,South Dakota,2018,May,604
27,Delaware,2018,May,677
28,District of Columbia,2018,May,112
29,Florida,2018,May,11192
30,Georgia,2018,May,5600
31,Maryland,2018,May,1391
32,North Carolina,2018,May,6649
33,South Carolina,2018,May,3072
34,Virginia,2018,May,2432
35,West Virginia,2018,May,290
37,Alabama,2018,May,1546
38,Kentucky,2018,May,1055
39,Mississippi,2018,May,677
40,Tennessee,2018,May,3665
42,Arkansas,2018,May,792
43,Louisiana,2018,May,1655
44,Oklahoma,2018,May,1081
45,Texas,2018,May,16526
48,Arizona,2018,May,3621
49,Colorado,2018,May,3675
50,Idaho,2018,May,1311
51,Montana,2018,May,380
52,Nevada,2018,May,2080
53,New Mexico,2018,May,417
54,Utah,2018,May,2486
55,Wyoming,2018,May,194
57,Alaska,2018,May,186
58,California,2018,May,12089
59,Hawaii,2018,May,348
60,Oregon,2018,May,1416
61,Washington,2018,May,3318
0,Connecticut,2018,June,413
1,Maine,2018,June,467
2,Massachusetts,2018,June,1587
3,New Hampshire,2018,June,476
4,Rhode Island,2018,June,88
5,Vermont,2018,June,153
7,New Jersey,2018,June,2909
8,New York,2018,June,3276
9,Pennsylvania,2018,June,2127
12,Illinois,2018,June,1896
13,Indiana,2018,June,1710
14,Michigan,2018,June,1758
15,Ohio,2018,June,1737
16,Wisconsin,2018,June,1953
18,Iowa,2018,June,1209
19,Kansas,2018,June,586
20,Minnesota,2018,June,2621
21,Missouri,2018,June,1797
22,Nebraska,2018,June,570
23,North Dakota,2018,June,304
24,South Dakota,2018,June,342
27,Delaware,2018,June,489
28,District of Columbia,2018,June,799
29,Florida,2018,June,12957
30,Georgia,2018,June,4016
31,Maryland,2018,June,1334
32,North Carolina,2018,June,5519
33,South Carolina,2018,June,3438
34,Virginia,2018,June,2886
35,West Virginia,2018,June,314
37,Alabama,2018,June,1225
38,Kentucky,2018,June,1466
39,Mississippi,2018,June,799
40,Tennessee,2018,June,3616
42,Arkansas,2018,June,916
43,Louisiana,2018,June,1401
44,Oklahoma,2018,June,833
45,Texas,2018,June,19086
48,Arizona,2018,June,3557
49,Colorado,2018,June,3674
50,Idaho,2018,June,1400
51,Montana,2018,June,436
52,Nevada,2018,June,1163
53,New Mexico,2018,June,497
54,Utah,2018,June,2535
55,Wyoming,2018,June,196
57,Alaska,2018,June,221
58,California,2018,June,12952
59,Hawaii,2018,June,464
60,Oregon,2018,June,1347
61,Washington,2018,June,4124
0,Connecticut,2018,July,494
1,Maine,2018,July,347
2,Massachusetts,2018,July,1038
3,New Hampshire,2018,July,321
4,Rhode Island,2018,July,99
5,Vermont,2018,July,187
7,New Jersey,2018,July,1960
8,New York,2018,July,4095
9,Pennsylvania,2018,July,2597
12,Illinois,2018,July,1621
13,Indiana,2018,July,1958
14,Michigan,2018,July,1645
15,Ohio,2018,July,2603
16,Wisconsin,2018,July,1829
18,Iowa,2018,July,1365
19,Kansas,2018,July,714
20,Minnesota,2018,July,2595
21,Missouri,2018,July,897
22,Nebraska,2018,July,604
23,North Dakota,2018,July,308
24,South Dakota,2018,July,365
27,Delaware,2018,July,499
28,District of Columbia,2018,July,30
29,Florida,2018,July,12952
30,Georgia,2018,July,4666
31,Maryland,2018,July,1810
32,North Carolina,2018,July,6055
33,South Carolina,2018,July,3021
34,Virginia,2018,July,2956
35,West Virginia,2018,July,206
37,Alabama,2018,July,1278
38,Kentucky,2018,July,1097
39,Mississippi,2018,July,677
40,Tennessee,2018,July,3744
42,Arkansas,2018,July,774
43,Louisiana,2018,July,1148
44,Oklahoma,2018,July,794
45,Texas,2018,July,16171
48,Arizona,2018,July,4509
49,Colorado,2018,July,3283
50,Idaho,2018,July,1205
51,Montana,2018,July,398
52,Nevada,2018,July,1236
53,New Mexico,2018,July,413
54,Utah,2018,July,2032
55,Wyoming,2018,July,169
57,Alaska,2018,July,133
58,California,2018,July,9497
59,Hawaii,2018,July,270
60,Oregon,2018,July,1345
61,Washington,2018,July,3023
0,Connecticut,2018,August,349
1,Maine,2018,August,375
2,Massachusetts,2018,August,864
3,New Hampshire,2018,August,328
4,Rhode Island,2018,August,187
5,Vermont,2018,August,137
7,New Jersey,2018,August,2083
8,New York,2018,August,2825
9,Pennsylvania,2018,August,1840
12,Illinois,2018,August,1853
13,Indiana,2018,August,2098
14,Michigan,2018,August,2176
15,Ohio,2018,August,1962
16,Wisconsin,2018,August,1666
18,Iowa,2018,August,1016
19,Kansas,2018,August,1346
20,Minnesota,2018,August,4176
21,Missouri,2018,August,1580
22,Nebraska,2018,August,789
23,North Dakota,2018,August,404
24,South Dakota,2018,August,624
27,Delaware,2018,August,535
28,District of Columbia,2018,August,340
29,Florida,2018,August,12439
30,Georgia,2018,August,4476
31,Maryland,2018,August,2181
32,North Carolina,2018,August,7348
33,South Carolina,2018,August,3612
34,Virginia,2018,August,2214
35,West Virginia,2018,August,509
37,Alabama,2018,August,1381
38,Kentucky,2018,August,1526
39,Mississippi,2018,August,572
40,Tennessee,2018,August,3737
42,Arkansas,2018,August,715
43,Louisiana,2018,August,1767
44,Oklahoma,2018,August,867
45,Texas,2018,August,15564
48,Arizona,2018,August,3738
49,Colorado,2018,August,3320
50,Idaho,2018,August,1379
51,Montana,2018,August,339
52,Nevada,2018,August,1352
53,New Mexico,2018,August,416
54,Utah,2018,August,2406
55,Wyoming,2018,August,155
57,Alaska,2018,August,165
58,California,2018,August,8826
59,Hawaii,2018,August,332
60,Oregon,2018,August,1706
61,Washington,2018,August,4338
0,Connecticut,2018,September,269
1,Maine,2018,September,457
2,Massachusetts,2018,September,905
3,New Hampshire,2018,September,253
4,Rhode Island,2018,September,72
5,Vermont,2018,September,181
7,New Jersey,2018,September,2076
8,New York,2018,September,2122
9,Pennsylvania,2018,September,1830
12,Illinois,2018,September,2482
13,Indiana,2018,September,1361
14,Michigan,2018,September,1614
15,Ohio,2018,September,1478
16,Wisconsin,2018,September,1877
18,Iowa,2018,September,736
19,Kansas,2018,September,766
20,Minnesota,2018,September,2215
21,Missouri,2018,September,870
22,Nebraska,2018,September,718
23,North Dakota,2018,September,675
24,South Dakota,2018,September,455
27,Delaware,2018,September,440
28,District of Columbia,2018,September,228
29,Florida,2018,September,10481
30,Georgia,2018,September,4264
31,Maryland,2018,September,1535
32,North Carolina,2018,September,4247
33,South Carolina,2018,September,2620
34,Virginia,2018,September,3306
35,West Virginia,2018,September,248
37,Alabama,2018,September,1040
38,Kentucky,2018,September,1364
39,Mississippi,2018,September,524
40,Tennessee,2018,September,3799
42,Arkansas,2018,September,720
43,Louisiana,2018,September,1354
44,Oklahoma,2018,September,716
45,Texas,2018,September,13362
48,Arizona,2018,September,3230
49,Colorado,2018,September,4166
50,Idaho,2018,September,1407
51,Montana,2018,September,396
52,Nevada,2018,September,1118
53,New Mexico,2018,September,309
54,Utah,2018,September,2091
55,Wyoming,2018,September,139
57,Alaska,2018,September,128
58,California,2018,September,7424
59,Hawaii,2018,September,487
60,Oregon,2018,September,1433
61,Washington,2018,September,3392
0,Connecticut,2018,October,439
1,Maine,2018,October,485
2,Massachusetts,2018,October,1155
3,New Hampshire,2018,October,447
4,Rhode Island,2018,October,91
5,Vermont,2018,October,286
7,New Jersey,2018,October,2376
8,New York,2018,October,2748
9,Pennsylvania,2018,October,2768
12,Illinois,2018,October,2117
13,Indiana,2018,October,2083
14,Michigan,2018,October,2936
15,Ohio,2018,October,2167
16,Wisconsin,2018,October,1638
18,Iowa,2018,October,1452
19,Kansas,2018,October,1340
20,Minnesota,2018,October,2631
21,Missouri,2018,October,1671
22,Nebraska,2018,October,690
23,North Dakota,2018,October,342
24,South Dakota,2018,October,457
27,Delaware,2018,October,569
28,District of Columbia,2018,October,1023
29,Florida,2018,October,12123
30,Georgia,2018,October,5778
31,Maryland,2018,October,1271
32,North Carolina,2018,October,5022
33,South Carolina,2018,October,2856
34,Virginia,2018,October,2415
35,West Virginia,2018,October,221
37,Alabama,2018,October,1130
38,Kentucky,2018,October,1303
39,Mississippi,2018,October,695
40,Tennessee,2018,October,3956
42,Arkansas,2018,October,707
43,Louisiana,2018,October,1285
44,Oklahoma,2018,October,1092
45,Texas,2018,October,13241
48,Arizona,2018,October,3156
49,Colorado,2018,October,3326
50,Idaho,2018,October,1329
51,Montana,2018,October,420
52,Nevada,2018,October,1736
53,New Mexico,2018,October,423
54,Utah,2018,October,2146
55,Wyoming,2018,October,172
57,Alaska,2018,October,129
58,California,2018,October,8745
59,Hawaii,2018,October,364
60,Oregon,2018,October,2008
61,Washington,2018,October,3606
0,Connecticut,2018,November,354
1,Maine,2018,November,335
2,Massachusetts,2018,November,1023
3,New Hampshire,2018,November,232
4,Rhode Island,2018,November,80
5,Vermont,2018,November,153
7,New Jersey,2018,November,2058
8,New York,2018,November,3575
9,Pennsylvania,2018,November,1640
12,Illinois,2018,November,2494
13,Indiana,2018,November,1552
14,Michigan,2018,November,1353
15,Ohio,2018,November,1870
16,Wisconsin,2018,November,1168
18,Iowa,2018,November,759
19,Kansas,2018,November,499
20,Minnesota,2018,November,1787
21,Missouri,2018,November,1357
22,Nebraska,2018,November,740
23,North Dakota,2018,November,111
24,South Dakota,2018,November,190
27,Delaware,2018,November,548
28,District of Columbia,2018,November,662
29,Florida,2018,November,12159
30,Georgia,2018,November,4924
31,Maryland,2018,November,1477
32,North Carolina,2018,November,4571
33,South Carolina,2018,November,2718
34,Virginia,2018,November,2073
35,West Virginia,2018,November,233
37,Alabama,2018,November,1111
38,Kentucky,2018,November,792
39,Mississippi,2018,November,496
40,Tennessee,2018,November,2679
42,Arkansas,2018,November,759
43,Louisiana,2018,November,983
44,Oklahoma,2018,November,748
45,Texas,2018,November,15265
48,Arizona,2018,November,2563
49,Colorado,2018,November,3649
50,Idaho,2018,November,1138
51,Montana,2018,November,240
52,Nevada,2018,November,1632
53,New Mexico,2018,November,324
54,Utah,2018,November,1910
55,Wyoming,2018,November,133
57,Alaska,2018,November,106
58,California,2018,November,7741
59,Hawaii,2018,November,270
60,Oregon,2018,November,1824
61,Washington,2018,November,3941
0,Connecticut,2018,December,525
1,Maine,2018,December,282
2,Massachusetts,2018,December,1339
3,New Hampshire,2018,December,185
4,Rhode Island,2018,December,64
5,Vermont,2018,December,97
7,New Jersey,2018,December,1701
8,New York,2018,December,3277
9,Pennsylvania,2018,December,1630
12,Illinois,2018,December,1204
13,Indiana,2018,December,1091
14,Michigan,2018,December,981
15,Ohio,2018,December,1155
16,Wisconsin,2018,December,697
18,Iowa,2018,December,417
19,Kansas,2018,December,379
20,Minnesota,2018,December,987
21,Missouri,2018,December,654
22,Nebraska,2018,December,435
23,North Dakota,2018,December,112
24,South Dakota,2018,December,171
27,Delaware,2018,December,500
28,District of Columbia,2018,December,637
29,Florida,2018,December,11548
30,Georgia,2018,December,3316
31,Maryland,2018,December,1314
32,North Carolina,2018,December,5512
33,South Carolina,2018,December,2843
34,Virginia,2018,December,1665
35,West Virginia,2018,December,213
37,Alabama,2018,December,865
38,Kentucky,2018,December,887
39,Mississippi,2018,December,496
40,Tennessee,2018,December,2139
42,Arkansas,2018,December,789
43,Louisiana,2018,December,979
44,Oklahoma,2018,December,634
45,Texas,2018,December,14984
48,Arizona,2018,December,3166
49,Colorado,2018,December,4293
50,Idaho,2018,December,938
51,Montana,2018,December,324
52,Nevada,2018,December,1140
53,New Mexico,2018,December,349
54,Utah,2018,December,2210
55,Wyoming,2018,December,101
57,Alaska,2018,December,136
58,California,2018,December,10709
59,Hawaii,2018,December,222
60,Oregon,2018,December,1495
61,Washington,2018,December,3564
0,Connecticut,2019,January,278
1,Maine,2019,January,357
2,Massachusetts,2019,January,819
3,New Hampshire,2019,January,338
4,Rhode Island,2019,January,67
5,Vermont,2019,January,73
7,New Jersey,2019,January,1778
8,New York,2019,January,4036
9,Pennsylvania,2019,January,1353
12,Illinois,2019,January,1296
13,Indiana,2019,January,1528
14,Michigan,2019,January,1187
15,Ohio,2019,January,1095
16,Wisconsin,2019,January,726
18,Iowa,2019,January,425
19,Kansas,2019,January,428
20,Minnesota,2019,January,1352
21,Missouri,2019,January,1098
22,Nebraska,2019,January,621
23,North Dakota,2019,January,45
24,South Dakota,2019,January,182
27,Delaware,2019,January,604
28,District of Columbia,2019,January,591
29,Florida,2019,January,11190
30,Georgia,2019,January,4045
31,Maryland,2019,January,1743
32,North Carolina,2019,January,4219
33,South Carolina,2019,January,3483
34,Virginia,2019,January,2859
35,West Virginia,2019,January,287
37,Alabama,2019,January,1169
38,Kentucky,2019,January,935
39,Mississippi,2019,January,623
40,Tennessee,2019,January,2733
42,Arkansas,2019,January,643
43,Louisiana,2019,January,1133
44,Oklahoma,2019,January,740
45,Texas,2019,January,14258
48,Arizona,2019,January,2641
49,Colorado,2019,January,3026
50,Idaho,2019,January,880
51,Montana,2019,January,280
52,Nevada,2019,January,1204
53,New Mexico,2019,January,349
54,Utah,2019,January,1594
55,Wyoming,2019,January,103
57,Alaska,2019,January,90
58,California,2019,January,9373
59,Hawaii,2019,January,432
60,Oregon,2019,January,1255
61,Washington,2019,January,2875
0,Connecticut,2019,February,310
1,Maine,2019,February,380
2,Massachusetts,2019,February,816
3,New Hampshire,2019,February,161
4,Rhode Island,2019,February,70
5,Vermont,2019,February,134
7,New Jersey,2019,February,1520
8,New York,2019,February,2924
9,Pennsylvania,2019,February,1686
12,Illinois,2019,February,1229
13,Indiana,2019,February,1279
14,Michigan,2019,February,1611
15,Ohio,2019,February,1506
16,Wisconsin,2019,February,734
18,Iowa,2019,February,248
19,Kansas,2019,February,366
20,Minnesota,2019,February,1558
21,Missouri,2019,February,838
22,Nebraska,2019,February,404
23,North Dakota,2019,February,32
24,South Dakota,2019,February,124
27,Delaware,2019,February,534
28,District of Columbia,2019,February,954
29,Florida,2019,February,11099
30,Georgia,2019,February,4422
31,Maryland,2019,February,930
32,North Carolina,2019,February,5092
33,South Carolina,2019,February,2815
34,Virginia,2019,February,2610
35,West Virginia,2019,February,265
37,Alabama,2019,February,1089
38,Kentucky,2019,February,770
39,Mississippi,2019,February,410
40,Tennessee,2019,February,2502
42,Arkansas,2019,February,954
43,Louisiana,2019,February,1347
44,Oklahoma,2019,February,1101
45,Texas,2019,February,14511
48,Arizona,2019,February,2897
49,Colorado,2019,February,2676
50,Idaho,2019,February,789
51,Montana,2019,February,134
52,Nevada,2019,February,1335
53,New Mexico,2019,February,444
54,Utah,2019,February,1570
55,Wyoming,2019,February,124
57,Alaska,2019,February,88
58,California,2019,February,6228
59,Hawaii,2019,February,246
60,Oregon,2019,February,1544
61,Washington,2019,February,2284
0,Connecticut,2019,March,491
1,Maine,2019,March,618
2,Massachusetts,2019,March,1026
3,New Hampshire,2019,March,264
4,Rhode Island,2019,March,66
5,Vermont,2019,March,148
7,New Jersey,2019,March,2288
8,New York,2019,March,2699
9,Pennsylvania,2019,March,1855
12,Illinois,2019,March,1192
13,Indiana,2019,March,1642
14,Michigan,2019,March,2053
15,Ohio,2019,March,1873
16,Wisconsin,2019,March,1128
18,Iowa,2019,March,617
19,Kansas,2019,March,507
20,Minnesota,2019,March,2136
21,Missouri,2019,March,1787
22,Nebraska,2019,March,572
23,North Dakota,2019,March,86
24,South Dakota,2019,March,269
27,Delaware,2019,March,508
28,District of Columbia,2019,March,250
29,Florida,2019,March,11661
30,Georgia,2019,March,4690
31,Maryland,2019,March,1788
32,North Carolina,2019,March,5174
33,South Carolina,2019,March,2734
34,Virginia,2019,March,2496
35,West Virginia,2019,March,327
37,Alabama,2019,March,1283
38,Kentucky,2019,March,811
39,Mississippi,2019,March,585
40,Tennessee,2019,March,3877
42,Arkansas,2019,March,746
43,Louisiana,2019,March,1496
44,Oklahoma,2019,March,1279
45,Texas,2019,March,15852
48,Arizona,2019,March,3691
49,Colorado,2019,March,3078
50,Idaho,2019,March,1125
51,Montana,2019,March,316
52,Nevada,2019,March,1100
53,New Mexico,2019,March,398
54,Utah,2019,March,1751
55,Wyoming,2019,March,138
57,Alaska,2019,March,120
58,California,2019,March,8345
59,Hawaii,2019,March,247
60,Oregon,2019,March,2252
61,Washington,2019,March,4294
0,Connecticut,2019,April,721
1,Maine,2019,April,318
2,Massachusetts,2019,April,1021
3,New Hampshire,2019,April,280
4,Rhode Island,2019,April,86
5,Vermont,2019,April,179
7,New Jersey,2019,April,1900
8,New York,2019,April,3752
9,Pennsylvania,2019,April,1936
12,Illinois,2019,April,3378
13,Indiana,2019,April,2130
14,Michigan,2019,April,2035
15,Ohio,2019,April,2133
16,Wisconsin,2019,April,1967
18,Iowa,2019,April,1000
19,Kansas,2019,April,869
20,Minnesota,2019,April,2570
21,Missouri,2019,April,1107
22,Nebraska,2019,April,734
23,North Dakota,2019,April,281
24,South Dakota,2019,April,450
27,Delaware,2019,April,413
28,District of Columbia,2019,April,473
29,Florida,2019,April,14518
30,Georgia,2019,April,4440
31,Maryland,2019,April,1805
32,North Carolina,2019,April,5588
33,South Carolina,2019,April,3114
34,Virginia,2019,April,3186
35,West Virginia,2019,April,227
37,Alabama,2019,April,1500
38,Kentucky,2019,April,1245
39,Mississippi,2019,April,593
40,Tennessee,2019,April,2948
42,Arkansas,2019,April,758
43,Louisiana,2019,April,1442
44,Oklahoma,2019,April,904
45,Texas,2019,April,15895
48,Arizona,2019,April,4590
49,Colorado,2019,April,3593
50,Idaho,2019,April,1365
51,Montana,2019,April,413
52,Nevada,2019,April,1310
53,New Mexico,2019,April,484
54,Utah,2019,April,2608
55,Wyoming,2019,April,207
57,Alaska,2019,April,150
58,California,2019,April,9045
59,Hawaii,2019,April,153
60,Oregon,2019,April,1820
61,Washington,2019,April,5077
0,Connecticut,2019,May,341
1,Maine,2019,May,431
2,Massachusetts,2019,May,1069
3,New Hampshire,2019,May,251
4,Rhode Island,2019,May,107
5,Vermont,2019,May,113
7,New Jersey,2019,May,2411
8,New York,2019,May,2599
9,Pennsylvania,2019,May,1872
12,Illinois,2019,May,2094
13,Indiana,2019,May,1838
14,Michigan,2019,May,2387
15,Ohio,2019,May,1759
16,Wisconsin,2019,May,1642
18,Iowa,2019,May,1113
19,Kansas,2019,May,782
20,Minnesota,2019,May,3281
21,Missouri,2019,May,1431
22,Nebraska,2019,May,905
23,North Dakota,2019,May,314
24,South Dakota,2019,May,400
27,Delaware,2019,May,586
28,District of Columbia,2019,May,698
29,Florida,2019,May,12393
30,Georgia,2019,May,4346
31,Maryland,2019,May,2244
32,North Carolina,2019,May,7763
33,South Carolina,2019,May,3617
34,Virginia,2019,May,2761
35,West Virginia,2019,May,509
37,Alabama,2019,May,1296
38,Kentucky,2019,May,1304
39,Mississippi,2019,May,701
40,Tennessee,2019,May,4487
42,Arkansas,2019,May,945
43,Louisiana,2019,May,1303
44,Oklahoma,2019,May,980
45,Texas,2019,May,19081
48,Arizona,2019,May,4282
49,Colorado,2019,May,3653
50,Idaho,2019,May,1751
51,Montana,2019,May,367
52,Nevada,2019,May,1673
53,New Mexico,2019,May,474
54,Utah,2019,May,2799
55,Wyoming,2019,May,240
57,Alaska,2019,May,192
58,California,2019,May,9883
59,Hawaii,2019,May,866
60,Oregon,2019,May,1658
61,Washington,2019,May,4339
0,Connecticut,2019,June,336
1,Maine,2019,June,421
2,Massachusetts,2019,June,1378
3,New Hampshire,2019,June,329
4,Rhode Island,2019,June,102
5,Vermont,2019,June,118
7,New Jersey,2019,June,2715
8,New York,2019,June,3684
9,Pennsylvania,2019,June,2687
12,Illinois,2019,June,1284
13,Indiana,2019,June,2141
14,Michigan,2019,June,1832
15,Ohio,2019,June,1907
16,Wisconsin,2019,June,1514
18,Iowa,2019,June,1427
19,Kansas,2019,June,611
20,Minnesota,2019,June,2208
21,Missouri,2019,June,1131
22,Nebraska,2019,June,779
23,North Dakota,2019,June,219
24,South Dakota,2019,June,395
27,Delaware,2019,June,636
28,District of Columbia,2019,June,130
29,Florida,2019,June,10983
30,Georgia,2019,June,4056
31,Maryland,2019,June,1741
32,North Carolina,2019,June,6114
33,South Carolina,2019,June,2774
34,Virginia,2019,June,2918
35,West Virginia,2019,June,283
37,Alabama,2019,June,1395
38,Kentucky,2019,June,953
39,Mississippi,2019,June,568
40,Tennessee,2019,June,3046
42,Arkansas,2019,June,923
43,Louisiana,2019,June,1258
44,Oklahoma,2019,June,858
45,Texas,2019,June,15176
48,Arizona,2019,June,4359
49,Colorado,2019,June,3902
50,Idaho,2019,June,1222
51,Montana,2019,June,364
52,Nevada,2019,June,2230
53,New Mexico,2019,June,418
54,Utah,2019,June,2883
55,Wyoming,2019,June,181
57,Alaska,2019,June,139
58,California,2019,June,9014
59,Hawaii,2019,June,338
60,Oregon,2019,June,1283
61,Washington,2019,June,3647
0,Connecticut,2019,July,435
1,Maine,2019,July,466
2,Massachusetts,2019,July,1289
3,New Hampshire,2019,July,353
4,Rhode Island,2019,July,113
5,Vermont,2019,July,131
7,New Jersey,2019,July,2502
8,New York,2019,July,3694
9,Pennsylvania,2019,July,2146
12,Illinois,2019,July,2095
13,Indiana,2019,July,1861
14,Michigan,2019,July,1890
15,Ohio,2019,July,1839
16,Wisconsin,2019,July,1547
18,Iowa,2019,July,1042
19,Kansas,2019,July,622
20,Minnesota,2019,July,2383
21,Missouri,2019,July,1307
22,Nebraska,2019,July,416
23,North Dakota,2019,July,288
24,South Dakota,2019,July,414
27,Delaware,2019,July,624
28,District of Columbia,2019,July,997
29,Florida,2019,July,13109
30,Georgia,2019,July,4151
31,Maryland,2019,July,1279
32,North Carolina,2019,July,5746
33,South Carolina,2019,July,3091
34,Virginia,2019,July,3263
35,West Virginia,2019,July,323
37,Alabama,2019,July,1556
38,Kentucky,2019,July,1320
39,Mississippi,2019,July,679
40,Tennessee,2019,July,3696
42,Arkansas,2019,July,996
43,Louisiana,2019,July,1454
44,Oklahoma,2019,July,1107
45,Texas,2019,July,17515
48,Arizona,2019,July,3918
49,Colorado,2019,July,3848
50,Idaho,2019,July,1671
51,Montana,2019,July,319
52,Nevada,2019,July,1865
53,New Mexico,2019,July,484
54,Utah,2019,July,2207
55,Wyoming,2019,July,173
57,Alaska,2019,July,182
58,California,2019,July,9924
59,Hawaii,2019,July,270
60,Oregon,2019,July,1749
61,Washington,2019,July,4428
0,Connecticut,2019,August,376
1,Maine,2019,August,478
2,Massachusetts,2019,August,1179
3,New Hampshire,2019,August,710
4,Rhode Island,2019,August,84
5,Vermont,2019,August,183
7,New Jersey,2019,August,4085
8,New York,2019,August,3708
9,Pennsylvania,2019,August,2253
12,Illinois,2019,August,1529
13,Indiana,2019,August,2172
14,Michigan,2019,August,1644
15,Ohio,2019,August,2502
16,Wisconsin,2019,August,1635
18,Iowa,2019,August,1409
19,Kansas,2019,August,927
20,Minnesota,2019,August,3304
21,Missouri,2019,August,1710
22,Nebraska,2019,August,798
23,North Dakota,2019,August,335
24,South Dakota,2019,August,427
27,Delaware,2019,August,512
28,District of Columbia,2019,August,384
29,Florida,2019,August,15187
30,Georgia,2019,August,4342
31,Maryland,2019,August,1289
32,North Carolina,2019,August,6209
33,South Carolina,2019,August,3187
34,Virginia,2019,August,3703
35,West Virginia,2019,August,315
37,Alabama,2019,August,1470
38,Kentucky,2019,August,1303
39,Mississippi,2019,August,644
40,Tennessee,2019,August,3943
42,Arkansas,2019,August,2195
43,Louisiana,2019,August,1497
44,Oklahoma,2019,August,1173
45,Texas,2019,August,19405
48,Arizona,2019,August,4027
49,Colorado,2019,August,3161
50,Idaho,2019,August,1747
51,Montana,2019,August,347
52,Nevada,2019,August,1404
53,New Mexico,2019,August,468
54,Utah,2019,August,2821
55,Wyoming,2019,August,183
57,Alaska,2019,August,186
58,California,2019,August,8843
59,Hawaii,2019,August,307
60,Oregon,2019,August,1919
61,Washington,2019,August,4133
0,Connecticut,2019,September,478
1,Maine,2019,September,360
2,Massachusetts,2019,September,869
3,New Hampshire,2019,September,252
4,Rhode Island,2019,September,137
5,Vermont,2019,September,109
7,New Jersey,2019,September,3424
8,New York,2019,September,2873
9,Pennsylvania,2019,September,1741
12,Illinois,2019,September,1419
13,Indiana,2019,September,1790
14,Michigan,2019,September,2202
15,Ohio,2019,September,2339
16,Wisconsin,2019,September,1661
18,Iowa,2019,September,1037
19,Kansas,2019,September,699
20,Minnesota,2019,September,1880
21,Missouri,2019,September,1339
22,Nebraska,2019,September,912
23,North Dakota,2019,September,570
24,South Dakota,2019,September,426
27,Delaware,2019,September,537
28,District of Columbia,2019,September,369
29,Florida,2019,September,15067
30,Georgia,2019,September,4420
31,Maryland,2019,September,1445
32,North Carolina,2019,September,5589
33,South Carolina,2019,September,2816
34,Virginia,2019,September,2403
35,West Virginia,2019,September,256
37,Alabama,2019,September,1423
38,Kentucky,2019,September,1158
39,Mississippi,2019,September,593
40,Tennessee,2019,September,3329
42,Arkansas,2019,September,906
43,Louisiana,2019,September,1436
44,Oklahoma,2019,September,1010
45,Texas,2019,September,16452
48,Arizona,2019,September,3302
49,Colorado,2019,September,3299
50,Idaho,2019,September,1194
51,Montana,2019,September,371
52,Nevada,2019,September,1378
53,New Mexico,2019,September,362
54,Utah,2019,September,2508
55,Wyoming,2019,September,163
57,Alaska,2019,September,193
58,California,2019,September,9920
59,Hawaii,2019,September,370
60,Oregon,2019,September,2013
61,Washington,2019,September,4121
0,Connecticut,2019,October,1136
1,Maine,2019,October,439
2,Massachusetts,2019,October,1195
3,New Hampshire,2019,October,252
4,Rhode Island,2019,October,102
5,Vermont,2019,October,145
7,New Jersey,2019,October,3786
8,New York,2019,October,3976
9,Pennsylvania,2019,October,1903
12,Illinois,2019,October,1746
13,Indiana,2019,October,1960
14,Michigan,2019,October,2298
15,Ohio,2019,October,1870
16,Wisconsin,2019,October,1763
18,Iowa,2019,October,1699
19,Kansas,2019,October,893
20,Minnesota,2019,October,3547
21,Missouri,2019,October,1808
22,Nebraska,2019,October,610
23,North Dakota,2019,October,203
24,South Dakota,2019,October,688
27,Delaware,2019,October,519
28,District of Columbia,2019,October,773
29,Florida,2019,October,15381
30,Georgia,2019,October,5876
31,Maryland,2019,October,1522
32,North Carolina,2019,October,6325
33,South Carolina,2019,October,3044
34,Virginia,2019,October,1933
35,West Virginia,2019,October,242
37,Alabama,2019,October,1403
38,Kentucky,2019,October,1265
39,Mississippi,2019,October,668
40,Tennessee,2019,October,4778
42,Arkansas,2019,October,951
43,Louisiana,2019,October,1489
44,Oklahoma,2019,October,1072
45,Texas,2019,October,19861
48,Arizona,2019,October,4032
49,Colorado,2019,October,4219
50,Idaho,2019,October,1610
51,Montana,2019,October,268
52,Nevada,2019,October,1699
53,New Mexico,2019,October,598
54,Utah,2019,October,2869
55,Wyoming,2019,October,162
57,Alaska,2019,October,130
58,California,2019,October,10176
59,Hawaii,2019,October,672
60,Oregon,2019,October,2405
61,Washington,2019,October,3768
